aluguel,area_quarto,zona
1.000,48 m² construídos2 quartos,sul
1.200,67 m² construídos3 quartos,sul
1.300,65 m² construídos2 quartos,sul
1.280,65 m² construídos2 quartos,sul
1.100,50 m² construídos2 quartos,sul
1.236,50 m² construídos2 quartos,sul
1.250,40 m² construídos2 quartos,sul
1.208,62 m² construídos2 quartos,sul
820,18 m² construídos1 quarto,sul
900,40 m² construídos1 quarto,sul
550,40 m² construídos1 quarto,sul
900,22 m² construídos1 quarto,sul
1.250,63 m² construídos2 quartos,sul
1.200,62 m² construídos2 quartos,sul
1.200,70 m² construídos1 quarto,sul
1.315,48 m² construídos1 quarto,sul
1.180,70 m² construídos1 quarto,sul
3.162,94 m² construídos2 quartos,sul
2.500,33 m² construídos1 quarto,sul
1.900,60 m² construídos2 quartos,sul
1.600,65 m² construídos3 quartos,sul
1.250,29 m² construídos1 quarto,sul
700,60 m² construídos1 quarto,sul
3.100,60 m² construídos2 quartos,sul
1.700,32 m² construídos1 quarto,sul
1.000,22 m² construídos1 quarto,sul
1.550,55 m² construídos2 quartos,sul
950,60 m² construídos1 quarto,sul
4.000,200 m² construídos4 quartos,sul
2.000,50 m² construídos1 quarto,sul
1.450,50 m² construídos2 quartos,sul
1.100,50 m² construídos1 quarto,sul
2.200,73 m² construídos3 quartos,sul
1.380,80 m² construídos1 quarto,sul
2.750,37 m² construídos1 quarto,sul
1.300,71 m² construídos3 quartos,sul
1.750,44 m² construídos1 quarto,sul
1.800,76 m² construídos3 quartos,sul
1.800,75 m² construídos3 quartos,sul
2.200,50 m² construídos1 quarto,sul
1.180,70 m² construídos1 quarto,sul
4.500,130 m² construídos3 quartos,sul
1.000,18 m² construídos1 quarto,sul
3.760,240 m² construídos3 quartos,sul
7.500,800 m² construídos4 quartos,sul
2.300,59 m² construídos1 quarto,sul
2.830,61 m² construídos2 quartos,sul
1.280,40 m² construídos1 quarto,sul
1.900,74 m² construídos3 quartos,sul
1.733,80 m² construídos1 quarto,sul
1.723,100 m² construídos2 quartos,sul
1.280,40 m² construídos2 quartos,sul
1.900,38 m² construídos1 quarto,sul
2.500,81 m² construídos2 quartos,sul
1.100,38 m² construídos1 quarto,sul
4.100,94 m² construídos3 quartos,sul
1.860,55 m² construídos2 quartos,sul
5.000,57 m² construídos2 quartos,sul
5.700,110 m² construídos3 quartos,sul
3.800,100 m² construídos3 quartos,sul
3.000,59 m² construídos2 quartos,sul
2.000,37 m² construídos1 quarto,sul
2.400,100 m² construídos3 quartos,sul
3.000,70 m² construídos1 quarto,sul
1.500,30 m² construídos1 quarto,sul
2.500,65 m² construídos2 quartos,sul
2.000,220 m² construídos4 quartos,sul
2.000,90 m² construídos2 quartos,sul
3.200,70 m² construídos1 quarto,sul
3.300,120 m² construídos3 quartos,sul
2.600,75 m² construídos3 quartos,sul
6.000,350 m² construídos4 quartos,sul
5.250,120 m² construídos3 quartos,sul
3.500,120 m² construídos2 quartos,sul
4.900,46 m² construídos1 quarto,sul
1.000,40 m² construídos1 quarto,sul
1.500,49 m² construídos2 quartos,sul
1.369,96 m² construídos2 quartos,sul
2.200,40 m² construídos2 quartos,sul
1.836,65 m² construídos2 quartos,sul
2.800,42 m² construídos1 quarto,sul
1.750,58 m² construídos2 quartos,sul
6.000,65 m² construídos2 quartos,sul
3.000,45 m² construídos2 quartos,sul
1.300,41 m² construídos2 quartos,sul
2.310,70 m² construídos2 quartos,sul
1.600,49 m² construídos2 quartos,sul
2.400,35 m² construídos1 quarto,sul
2.700,68 m² construídos2 quartos,sul
3.000,110 m² construídos3 quartos,sul
5.800,50 m² construídos1 quarto,sul
1.839,65 m² construídos2 quartos,sul
1.779,60 m² construídos3 quartos,sul
3.500,130 m² construídos2 quartos,sul
3.200,95 m² construídos3 quartos,sul
3.500,130 m² construídos2 quartos,sul
3.500,157 m² construídos2 quartos,sul
2.500,60 m² construídos2 quartos,sul
2.300,65 m² construídos2 quartos,sul
1.400,50 m² construídos2 quartos,sul
2.500,142 m² construídos2 quartos,sul
2.200,64 m² construídos2 quartos,sul
2.500,80 m² construídos2 quartos,sul
5.000,200 m² construídos3 quartos,sul
1.100,56 m² construídos2 quartos,sul
2.300,60 m² construídos3 quartos,sul
2.200,40 m² construídos1 quarto,sul
3.300,81 m² construídos3 quartos,sul
2.600,67 m² construídos1 quarto,sul
5.800,82 m² construídos2 quartos,sul
2.200,43 m² construídos1 quarto,sul
2.300,51 m² construídos2 quartos,sul
2.276,45 m² construídos2 quartos,sul
4.490,200 m² construídos4 quartos,sul
3.606,120 m² construídos3 quartos,sul
5.850,110 m² construídos4 quartos,sul
2.780,140 m² construídos3 quartos,sul
2.800,82 m² construídos2 quartos,sul
2.536,59 m² construídos2 quartos,sul
9.000,300 m² construídos4 quartos,sul
1.400,70 m² construídos2 quartos,sul
7.500,111 m² construídos3 quartos,sul
1.250,66 m² construídos3 quartos,sul
1.200,70 m² construídos1 quarto,sul
1.900,70 m² construídos2 quartos,sul
2.980,117 m² construídos3 quartos,sul
4.000,98 m² construídos2 quartos,sul
2.446,34 m² construídos1 quarto,sul
3.000,40 m² construídos1 quarto,sul
4.500,95 m² construídos3 quartos,sul
2.800,59 m² construídos2 quartos,sul
2.500,65 m² construídos1 quarto,sul
1.500,50 m² construídos1 quarto,sul
2.680,55 m² construídos1 quarto,sul
6.000,110 m² construídos2 quartos,sul
1.820,31 m² construídos1 quarto,sul
5.000,54 m² construídos1 quarto,sul
1.421,55 m² construídos1 quarto,sul
5.000,70 m² construídos2 quartos,sul
1.500,47 m² construídos1 quarto,sul
2.706,70 m² construídos2 quartos,sul
2.400,44 m² construídos1 quarto,sul
2.297,41 m² construídos1 quarto,sul
10.250,84 m² construídos1 quarto,sul
2.450,39 m² construídos1 quarto,sul
1.838,72 m² construídos3 quartos,sul
3.624,120 m² construídos2 quartos,sul
3.200,98 m² construídos3 quartos,sul
1.800,46 m² construídos2 quartos,sul
2.700,70 m² construídos2 quartos,sul
3.414,44 m² construídos2 quartos,sul
6.212,110 m² construídos3 quartos,sul
1.050,38 m² construídos1 quarto,sul
4.000,250 m² construídos4 quartos,sul
3.878,48 m² construídos1 quarto,sul
3.405,84 m² construídos2 quartos,sul
3.515,112 m² construídos3 quartos,sul
1.190,59 m² construídos1 quarto,sul
2.921,84 m² construídos2 quartos,sul
8.500,219 m² construídos3 quartos,sul
4.000,72 m² construídos2 quartos,sul
7.500,62 m² construídos1 quarto,sul
1.900,77 m² construídos3 quartos,sul
5.500,130 m² construídos4 quartos,sul
2.200,35 m² construídos1 quarto,sul
3.910,79 m² construídos3 quartos,sul
2.052,63 m² construídos2 quartos,sul
4.000,82 m² construídos2 quartos,sul
3.136,105 m² construídos3 quartos,sul
3.243,86 m² construídos3 quartos,sul
2.369,54 m² construídos2 quartos,sul
3.600,85 m² construídos2 quartos,sul
2.300,38 m² construídos1 quarto,sul
3.000,128 m² construídos3 quartos,sul
3.736,52 m² construídos2 quartos,sul
2.800,70 m² construídos3 quartos,sul
1.571,58 m² construídos2 quartos,sul
3.450,58 m² construídos1 quarto,sul
3.100,33 m² construídos1 quarto,sul
2.434,50 m² construídos1 quarto,sul
3.150,128 m² construídos3 quartos,sul
3.350,42 m² construídos1 quarto,sul
6.000,76 m² construídos2 quartos,sul
2.950,140 m² construídos3 quartos,sul
3.000,30 m² construídos1 quarto,sul
3.300,121 m² construídos4 quartos,sul
3.834,98 m² construídos3 quartos,sul
4.128,142 m² construídos3 quartos,sul
3.078,70 m² construídos2 quartos,sul
1.800,58 m² construídos2 quartos,sul
1.694,44 m² construídos2 quartos,sul
4.054,260 m² construídos4 quartos,sul
2.500,60 m² construídos1 quarto,sul
3.000,115 m² construídos3 quartos,sul
2.182,57 m² construídos2 quartos,sul
2.450,41 m² construídos1 quarto,sul
3.127,140 m² construídos3 quartos,sul
6.286,104 m² construídos3 quartos,sul
3.806,89 m² construídos3 quartos,sul
3.870,75 m² construídos3 quartos,sul
3.300,100 m² construídos2 quartos,sul
3.116,120 m² construídos2 quartos,sul
1.500,60 m² construídos2 quartos,sul
6.000,250 m² construídos4 quartos,sul
9.000,229 m² construídos3 quartos,sul
2.138,90 m² construídos3 quartos,sul
2.500,40 m² construídos1 quarto,sul
4.360,66 m² construídos3 quartos,sul
2.500,50 m² construídos1 quarto,sul
3.300,72 m² construídos2 quartos,sul
6.500,300 m² construídos3 quartos,sul
9.000,326 m² construídos4 quartos,sul
8.700,120 m² construídos2 quartos,sul
14.000,171 m² construídos4 quartos,sul
1.800,55 m² construídos2 quartos,sul
4.800,156 m² construídos3 quartos,sul
3.000,176 m² construídos2 quartos,sul
3.400,28 m² construídos1 quarto,sul
4.300,85 m² construídos3 quartos,sul
8.500,162 m² construídos3 quartos,sul
2.300,38 m² construídos1 quarto,sul
2.900,78 m² construídos2 quartos,sul
2.400,50 m² construídos2 quartos,sul
5.000,106 m² construídos2 quartos,sul
8.000,90 m² construídos3 quartos,sul
3.500,50 m² construídos1 quarto,sul
3.300,59 m² construídos1 quarto,sul
2.700,40 m² construídos1 quarto,sul
2.200,30 m² construídos1 quarto,sul
2.800,29 m² construídos1 quarto,sul
7.250,53 m² construídos1 quarto,sul
3.600,133 m² construídos3 quartos,sul
1.450,40 m² construídos1 quarto,sul
1.450,40 m² construídos1 quarto,sul
2.300,59 m² construídos2 quartos,sul
1.800,69 m² construídos2 quartos,sul
3.500,44 m² construídos1 quarto,sul
1.450,40 m² construídos1 quarto,sul
3.300,70 m² construídos1 quarto,sul
3.800,50 m² construídos2 quartos,sul
2.150,50 m² construídos1 quarto,sul
2.266,47 m² construídos2 quartos,sul
1.800,56 m² construídos2 quartos,sul
14.000,210 m² construídos4 quartos,sul
2.200,72 m² construídos3 quartos,sul
1.700,38 m² construídos1 quarto,sul
2.200,40 m² construídos1 quarto,sul
1.800,28 m² construídos1 quarto,sul
4.000,150 m² construídos3 quartos,sul
3.800,68 m² construídos2 quartos,sul
2.500,170 m² construídos3 quartos,sul
2.550,30 m² construídos1 quarto,sul
3.374,93 m² construídos2 quartos,sul
3.000,45 m² construídos1 quarto,sul
2.500,45 m² construídos2 quartos,sul
3.000,32 m² construídos1 quarto,sul
2.000,45 m² construídos1 quarto,sul
2.949,77 m² construídos2 quartos,sul
4.400,220 m² construídos3 quartos,sul
3.815,35 m² construídos1 quarto,sul
2.900,45 m² construídos1 quarto,sul
3.470,80 m² construídos3 quartos,sul
7.500,200 m² construídos4 quartos,sul
7.000,95 m² construídos3 quartos,sul
3.300,45 m² construídos1 quarto,sul
2.500,37 m² construídos2 quartos,sul
2.400,90 m² construídos3 quartos,sul
2.350,40 m² construídos1 quarto,sul
3.100,64 m² construídos2 quartos,sul
4.600,300 m² construídos3 quartos,sul
2.700,72 m² construídos3 quartos,sul
3.000,110 m² construídos3 quartos,sul
11.200,110 m² construídos3 quartos,sul
2.500,75 m² construídos3 quartos,sul
2.900,78 m² construídos2 quartos,sul
4.500,95 m² construídos3 quartos,sul
2.800,65 m² construídos2 quartos,sul
2.647,45 m² construídos1 quarto,sul
15.000,650 m² construídos3 quartos,sul
2.900,40 m² construídos1 quarto,sul
3.500,42 m² construídos1 quarto,sul
2.600,88 m² construídos2 quartos,sul
4.500,80 m² construídos1 quarto,sul
10.900,300 m² construídos4 quartos,sul
2.600,90 m² construídos2 quartos,sul
2.800,87 m² construídos3 quartos,sul
4.820,70 m² construídos2 quartos,sul
4.300,65 m² construídos1 quarto,sul
1.100,52 m² construídos2 quartos,norte
1.200,51 m² construídos2 quartos,norte
600,12 m² construídos1 quarto,norte
750,35 m² construídos1 quarto,norte
1.250,50 m² construídos2 quartos,norte
1.500,52 m² construídos2 quartos,norte
1.000,45 m² construídos1 quarto,norte
1.800,45 m² construídos2 quartos,norte
1.350,68 m² construídos2 quartos,norte
1.400,65 m² construídos2 quartos,norte
1.600,67 m² construídos2 quartos,norte
820,40 m² construídos1 quarto,norte
1.300,70 m² construídos2 quartos,norte
1.400,50 m² construídos2 quartos,norte
1.255,42 m² construídos1 quarto,norte
1.069,27 m² construídos1 quarto,norte
1.400,42 m² construídos2 quartos,norte
1.579,60 m² construídos2 quartos,norte
2.500,80 m² construídos3 quartos,norte
900,33 m² construídos1 quarto,norte
5.250,124 m² construídos3 quartos,norte
960,20 m² construídos1 quarto,norte
790,45 m² construídos2 quartos,norte
1.500,60 m² construídos2 quartos,norte
3.700,210 m² construídos4 quartos,norte
4.400,198 m² construídos3 quartos,norte
1.400,50 m² construídos2 quartos,norte
3.000,215 m² construídos4 quartos,norte
1.700,80 m² construídos3 quartos,norte
2.000,50 m² construídos2 quartos,norte
1.500,46 m² construídos2 quartos,norte
550,36 m² construídos1 quarto,norte
1.200,60 m² construídos2 quartos,norte
1.700,74 m² construídos2 quartos,norte
1.800,80 m² construídos3 quartos,norte
2.700,64 m² construídos2 quartos,norte
1.543,80 m² construídos2 quartos,norte
1.700,48 m² construídos2 quartos,norte
1.750,75 m² construídos3 quartos,norte
2.000,60 m² construídos2 quartos,norte
2.700,138 m² construídos3 quartos,norte
2.000,60 m² construídos2 quartos,norte
1.095,53 m² construídos2 quartos,norte
6.000,221 m² construídos4 quartos,norte
2.575,82 m² construídos3 quartos,norte
1.200,42 m² construídos1 quarto,norte
1.550,56 m² construídos2 quartos,norte
1.663,110 m² construídos2 quartos,norte
1.500,46 m² construídos2 quartos,norte
2.320,92 m² construídos3 quartos,norte
1.500,35 m² construídos1 quarto,norte
1.650,64 m² construídos2 quartos,norte
1.549,37 m² construídos1 quarto,norte
1.662,50 m² construídos2 quartos,norte
2.400,60 m² construídos2 quartos,norte
1.300,100 m² construídos2 quartos,norte
1.702,110 m² construídos3 quartos,norte
1.957,69 m² construídos3 quartos,norte
1.608,100 m² construídos3 quartos,norte
2.700,105 m² construídos3 quartos,norte
2.005,55 m² construídos2 quartos,norte
1.358,90 m² construídos2 quartos,norte
1.850,20 m² construídos1 quarto,norte
5.200,253 m² construídos2 quartos,norte
1.500,54 m² construídos2 quartos,norte
2.400,89 m² construídos3 quartos,norte
1.700,30 m² construídos1 quarto,norte
1.900,46 m² construídos1 quarto,norte
9.900,248 m² construídos3 quartos,norte
1.700,70 m² construídos3 quartos,norte
1.400,44 m² construídos2 quartos,norte
3.000,63 m² construídos2 quartos,norte
1.800,60 m² construídos2 quartos,norte
1.350,74 m² construídos2 quartos,norte
1.977,84 m² construídos3 quartos,norte
2.750,93 m² construídos2 quartos,norte
2.900,70 m² construídos3 quartos,norte
1.600,50 m² construídos2 quartos,norte
1.650,51 m² construídos2 quartos,norte
1.650,47 m² construídos2 quartos,norte
1.754,85 m² construídos2 quartos,norte
1.600,100 m² construídos2 quartos,norte
2.200,56 m² construídos2 quartos,norte
2.000,60 m² construídos2 quartos,norte
1.630,54 m² construídos2 quartos,norte
1.500,46 m² construídos2 quartos,norte
3.390,50 m² construídos2 quartos,norte
1.450,40 m² construídos1 quarto,norte
1.500,46 m² construídos2 quartos,norte
7.230,500 m² construídos4 quartos,norte
2.715,123 m² construídos3 quartos,norte
1.500,46 m² construídos2 quartos,norte
1.500,46 m² construídos2 quartos,norte
1.500,46 m² construídos2 quartos,norte
2.900,190 m² construídos3 quartos,norte
1.500,46 m² construídos2 quartos,norte
2.000,69 m² construídos2 quartos,norte
2.147,52 m² construídos2 quartos,norte
3.400,50 m² construídos2 quartos,norte
1.350,70 m² construídos1 quarto,norte
1.250,63 m² construídos2 quartos,norte
1.500,46 m² construídos2 quartos,norte
1.500,46 m² construídos2 quartos,norte
2.600,68 m² construídos3 quartos,norte
1.600,50 m² construídos1 quarto,norte
3.460,43 m² construídos2 quartos,norte
1.450,40 m² construídos1 quarto,norte
1.600,50 m² construídos1 quarto,norte
1.990,65 m² construídos2 quartos,norte
1.500,46 m² construídos2 quartos,norte
1.500,46 m² construídos2 quartos,norte
1.500,46 m² construídos2 quartos,norte
2.500,62 m² construídos2 quartos,norte
3.500,160 m² construídos3 quartos,norte
1.364,64 m² construídos2 quartos,norte
970,50 m² construídos1 quarto,norte
1.249,52 m² construídos2 quartos,norte
2.440,60 m² construídos2 quartos,norte
1.100,49 m² construídos2 quartos,norte
1.400,42 m² construídos1 quarto,norte
830,40 m² construídos1 quarto,norte
1.664,68 m² construídos2 quartos,norte
1.090,35 m² construídos1 quarto,norte
1.108,60 m² construídos1 quarto,norte
1.090,50 m² construídos1 quarto,norte
950,50 m² construídos1 quarto,norte
1.700,50 m² construídos2 quartos,norte
1.100,40 m² construídos1 quarto,norte
2.300,65 m² construídos2 quartos,norte
1.500,40 m² construídos2 quartos,norte
1.500,116 m² construídos3 quartos,norte
1.030,86 m² construídos2 quartos,norte
2.720,215 m² construídos3 quartos,norte
1.350,70 m² construídos2 quartos,norte
2.200,118 m² construídos3 quartos,norte
2.000,88 m² construídos3 quartos,norte
1.372,57 m² construídos2 quartos,norte
2.700,46 m² construídos1 quarto,norte
1.900,90 m² construídos2 quartos,norte
1.500,46 m² construídos2 quartos,norte
2.500,119 m² construídos3 quartos,norte
2.900,94 m² construídos2 quartos,norte
4.500,160 m² construídos3 quartos,norte
1.574,50 m² construídos2 quartos,norte
1.950,56 m² construídos2 quartos,norte
1.100,60 m² construídos2 quartos,norte
1.490,60 m² construídos2 quartos,norte
968,36 m² construídos1 quarto,norte
1.400,52 m² construídos2 quartos,norte
4.800,55 m² construídos1 quarto,norte
1.500,70 m² construídos2 quartos,norte
1.400,50 m² construídos2 quartos,norte
900,38 m² construídos1 quarto,norte
1.500,67 m² construídos2 quartos,norte
1.443,60 m² construídos3 quartos,norte
1.291,48 m² construídos2 quartos,norte
1.100,106 m² construídos2 quartos,norte
600,16 m² construídos1 quarto,norte
1.421,35 m² construídos1 quarto,norte
1.350,55 m² construídos1 quarto,norte
1.700,73 m² construídos3 quartos,norte
1.850,58 m² construídos2 quartos,norte
3.200,80 m² construídos3 quartos,norte
920,40 m² construídos1 quarto,norte
1.350,50 m² construídos1 quarto,norte
1.500,80 m² construídos2 quartos,norte
1.550,60 m² construídos2 quartos,norte
1.210,42 m² construídos1 quarto,norte
2.300,33 m² construídos1 quarto,norte
1.200,50 m² construídos2 quartos,norte
1.500,60 m² construídos2 quartos,norte
1.600,49 m² construídos2 quartos,norte
1.250,44 m² construídos1 quarto,norte
2.750,62 m² construídos2 quartos,norte
1.800,31 m² construídos1 quarto,norte
2.500,90 m² construídos2 quartos,norte
2.650,200 m² construídos4 quartos,norte
1.300,54 m² construídos2 quartos,norte
1.400,90 m² construídos3 quartos,norte
1.900,60 m² construídos2 quartos,norte
3.000,110 m² construídos2 quartos,norte
2.450,74 m² construídos3 quartos,norte
1.600,67 m² construídos2 quartos,norte
1.650,55 m² construídos2 quartos,norte
2.200,52 m² construídos2 quartos,norte
1.530,70 m² construídos2 quartos,norte
2.151,137 m² construídos4 quartos,norte
1.550,41 m² construídos2 quartos,norte
1.950,40 m² construídos1 quarto,norte
2.500,130 m² construídos3 quartos,norte
2.400,261 m² construídos3 quartos,norte
2.200,130 m² construídos2 quartos,norte
1.500,57 m² construídos3 quartos,norte
1.900,120 m² construídos2 quartos,norte
950,42 m² construídos1 quarto,norte
2.500,100 m² construídos2 quartos,norte
2.000,63 m² construídos3 quartos,norte
700,40 m² construídos1 quarto,norte
990,38 m² construídos1 quarto,norte
2.600,42 m² construídos1 quarto,norte
1.490,55 m² construídos2 quartos,norte
3.800,110 m² construídos3 quartos,norte
2.000,55 m² construídos2 quartos,norte
1.790,55 m² construídos2 quartos,norte
1.850,55 m² construídos2 quartos,norte
1.300,52 m² construídos2 quartos,norte
1.882,60 m² construídos2 quartos,norte
3.700,208 m² construídos3 quartos,norte
2.000,126 m² construídos3 quartos,norte
3.600,98 m² construídos3 quartos,norte
2.400,180 m² construídos3 quartos,norte
4.000,83 m² construídos2 quartos,norte
1.600,72 m² construídos2 quartos,norte
1.650,35 m² construídos1 quarto,norte
1.750,55 m² construídos2 quartos,norte
2.650,55 m² construídos2 quartos,norte
2.650,50 m² construídos1 quarto,norte
2.800,70 m² construídos2 quartos,norte
1.700,45 m² construídos1 quarto,norte
2.650,98 m² construídos2 quartos,norte
2.500,45 m² construídos1 quarto,norte
2.650,96 m² construídos2 quartos,norte
1.800,89 m² construídos3 quartos,norte
2.200,46 m² construídos1 quarto,norte
1.700,65 m² construídos2 quartos,norte
3.500,150 m² construídos3 quartos,norte
2.300,74 m² construídos3 quartos,norte
1.700,65 m² construídos2 quartos,norte
1.200,53 m² construídos2 quartos,norte
2.400,120 m² construídos2 quartos,norte
1.950,47 m² construídos2 quartos,norte
3.500,180 m² construídos2 quartos,norte
2.050,57 m² construídos2 quartos,norte
1.700,68 m² construídos2 quartos,norte
1.170,40 m² construídos1 quarto,norte
1.740,53 m² construídos2 quartos,norte
1.236,50 m² construídos2 quartos,norte
1.350,40 m² construídos1 quarto,norte
4.200,29 m² construídos1 quarto,norte
2.300,200 m² construídos4 quartos,norte
2.000,45 m² construídos1 quarto,norte
1.900,44 m² construídos1 quarto,norte
1.347,39 m² construídos2 quartos,norte
2.428,55 m² construídos2 quartos,norte
2.250,152 m² construídos2 quartos,norte
3.000,57 m² construídos2 quartos,norte
2.000,70 m² construídos2 quartos,norte
2.400,140 m² construídos2 quartos,norte
1.800,52 m² construídos2 quartos,norte
1.800,52 m² construídos2 quartos,norte
5.000,200 m² construídos3 quartos,norte
2.600,86 m² construídos3 quartos,norte
1.400,53 m² construídos3 quartos,norte
1.648,54 m² construídos2 quartos,norte
2.300,70 m² construídos3 quartos,norte
2.000,58 m² construídos3 quartos,norte
1.360,44 m² construídos2 quartos,norte
2.320,59 m² construídos2 quartos,norte
3.200,150 m² construídos1 quarto,norte
1.700,65 m² construídos2 quartos,norte
1.500,52 m² construídos2 quartos,norte
1.655,53 m² construídos2 quartos,norte
2.500,68 m² construídos2 quartos,norte
1.700,90 m² construídos2 quartos,norte
2.306,56 m² construídos2 quartos,norte
1.900,44 m² construídos1 quarto,norte
2.147,110 m² construídos3 quartos,norte
2.000,100 m² construídos2 quartos,norte
1.809,50 m² construídos2 quartos,norte
1.900,46 m² construídos1 quarto,norte
2.100,50 m² construídos1 quarto,norte
2.700,126 m² construídos2 quartos,norte
2.200,53 m² construídos2 quartos,norte
1.478,55 m² construídos2 quartos,norte
2.300,200 m² construídos3 quartos,norte
2.500,100 m² construídos1 quarto,norte
4.500,170 m² construídos3 quartos,norte
1.802,98 m² construídos2 quartos,norte
3.400,157 m² construídos3 quartos,norte
1.250,30 m² construídos1 quarto,norte
2.100,170 m² construídos3 quartos,norte
2.500,90 m² construídos2 quartos,norte
3.900,181 m² construídos3 quartos,norte
1.600,33 m² construídos1 quarto,norte
1.800,52 m² construídos2 quartos,norte
1.800,52 m² construídos2 quartos,norte
1.800,52 m² construídos2 quartos,norte
1.800,52 m² construídos2 quartos,norte
770,53 m² construídos2 quartos,leste
550,35 m² construídos1 quarto,leste
800,70 m² construídos2 quartos,leste
800,58 m² construídos2 quartos,leste
1.200,50 m² construídos2 quartos,leste
950,30 m² construídos1 quarto,leste
1.000,48 m² construídos2 quartos,leste
980,45 m² construídos2 quartos,leste
800,43 m² construídos2 quartos,leste
2.200,70 m² construídos3 quartos,leste
950,49 m² construídos2 quartos,leste
1.350,95 m² construídos2 quartos,leste
2.500,80 m² construídos3 quartos,leste
990,16 m² construídos1 quarto,leste
1.300,49 m² construídos2 quartos,leste
1.400,100 m² construídos3 quartos,leste
1.300,39 m² construídos1 quarto,leste
812,60 m² construídos1 quarto,leste
1.400,60 m² construídos2 quartos,leste
1.100,47 m² construídos2 quartos,leste
650,50 m² construídos1 quarto,leste
1.200,50 m² construídos1 quarto,leste
2.900,67 m² construídos3 quartos,leste
1.700,52 m² construídos2 quartos,leste
1.350,60 m² construídos1 quarto,leste
1.400,70 m² construídos2 quartos,leste
2.100,56 m² construídos2 quartos,leste
800,40 m² construídos1 quarto,leste
1.100,60 m² construídos2 quartos,leste
950,56 m² construídos2 quartos,leste
5.500,128 m² construídos3 quartos,leste
1.530,27 m² construídos1 quarto,leste
1.250,76 m² construídos2 quartos,leste
1.990,60 m² construídos2 quartos,leste
1.741,62 m² construídos2 quartos,leste
2.200,103 m² construídos2 quartos,leste
2.500,75 m² construídos3 quartos,leste
800,24 m² construídos1 quarto,leste
1.040,100 m² construídos1 quarto,leste
1.600,41 m² construídos1 quarto,leste
1.500,54 m² construídos2 quartos,leste
747,50 m² construídos1 quarto,leste
1.200,43 m² construídos2 quartos,leste
1.100,42 m² construídos2 quartos,leste
700,35 m² construídos1 quarto,leste
1.800,90 m² construídos2 quartos,leste
1.900,40 m² construídos1 quarto,leste
1.592,64 m² construídos2 quartos,leste
900,46 m² construídos1 quarto,leste
2.500,125 m² construídos2 quartos,leste
2.000,84 m² construídos2 quartos,leste
1.300,54 m² construídos2 quartos,leste
3.700,190 m² construídos3 quartos,leste
890,55 m² construídos1 quarto,leste
1.000,52 m² construídos2 quartos,leste
3.500,150 m² construídos3 quartos,leste
1.323,46 m² construídos2 quartos,leste
4.100,160 m² construídos4 quartos,leste
1.650,57 m² construídos2 quartos,leste
1.100,55 m² construídos2 quartos,leste
1.700,50 m² construídos2 quartos,leste
2.200,78 m² construídos2 quartos,leste
1.600,75 m² construídos2 quartos,leste
1.100,45 m² construídos2 quartos,leste
1.200,37 m² construídos2 quartos,leste
2.400,53 m² construídos2 quartos,leste
800,45 m² construídos1 quarto,leste
1.800,60 m² construídos2 quartos,leste
1.700,64 m² construídos2 quartos,leste
1.500,100 m² construídos2 quartos,leste
3.500,110 m² construídos3 quartos,leste
1.300,80 m² construídos2 quartos,leste
1.100,60 m² construídos2 quartos,leste
1.300,90 m² construídos2 quartos,leste
1.340,60 m² construídos2 quartos,leste
1.121,80 m² construídos1 quarto,leste
2.100,90 m² construídos2 quartos,leste
1.650,74 m² construídos3 quartos,leste
1.500,28 m² construídos1 quarto,leste
1.650,46 m² construídos1 quarto,leste
2.740,190 m² construídos3 quartos,leste
2.800,79 m² construídos3 quartos,leste
1.800,52 m² construídos2 quartos,leste
3.100,72 m² construídos3 quartos,leste
1.700,44 m² construídos2 quartos,leste
1.700,48 m² construídos2 quartos,leste
1.500,60 m² construídos2 quartos,leste
4.000,200 m² construídos3 quartos,leste
1.300,41 m² construídos2 quartos,leste
2.495,80 m² construídos4 quartos,leste
2.500,80 m² construídos1 quarto,leste
2.700,150 m² construídos3 quartos,leste
2.600,52 m² construídos2 quartos,leste
2.500,100 m² construídos2 quartos,leste
1.400,80 m² construídos1 quarto,leste
1.400,58 m² construídos2 quartos,leste
3.800,400 m² construídos2 quartos,leste
1.800,112 m² construídos3 quartos,leste
2.000,74 m² construídos2 quartos,leste
900,37 m² construídos1 quarto,leste
1.550,32 m² construídos1 quarto,leste
1.800,50 m² construídos2 quartos,leste
4.000,130 m² construídos2 quartos,leste
2.600,150 m² construídos4 quartos,leste
950,30 m² construídos1 quarto,leste
1.122,53 m² construídos2 quartos,leste
7.000,157 m² construídos3 quartos,leste
1.100,47 m² construídos2 quartos,leste
1.404,50 m² construídos1 quarto,leste
1.450,39 m² construídos2 quartos,leste
2.600,95 m² construídos3 quartos,leste
1.285,80 m² construídos2 quartos,leste
1.000,50 m² construídos2 quartos,leste
2.990,85 m² construídos3 quartos,leste
1.990,46 m² construídos2 quartos,leste
4.590,82 m² construídos2 quartos,leste
1.750,50 m² construídos2 quartos,leste
1.700,70 m² construídos2 quartos,leste
1.500,68 m² construídos2 quartos,leste
1.560,50 m² construídos2 quartos,leste
2.077,54 m² construídos2 quartos,leste
1.179,90 m² construídos2 quartos,leste
1.650,28 m² construídos1 quarto,leste
1.672,32 m² construídos1 quarto,leste
2.200,40 m² construídos1 quarto,leste
1.400,47 m² construídos2 quartos,leste
1.500,40 m² construídos1 quarto,leste
2.500,59 m² construídos2 quartos,leste
7.000,132 m² construídos3 quartos,leste
2.100,64 m² construídos2 quartos,leste
1.450,37 m² construídos1 quarto,leste
1.275,57 m² construídos2 quartos,leste
3.000,180 m² construídos2 quartos,leste
2.700,58 m² construídos2 quartos,leste
1.400,40 m² construídos2 quartos,leste
1.500,125 m² construídos2 quartos,leste
750,40 m² construídos1 quarto,leste
1.646,21 m² construídos1 quarto,leste
1.600,120 m² construídos3 quartos,leste
1.500,47 m² construídos2 quartos,leste
1.800,85 m² construídos3 quartos,leste
2.750,70 m² construídos3 quartos,leste
2.100,80 m² construídos2 quartos,leste
1.900,42 m² construídos1 quarto,leste
950,45 m² construídos1 quarto,leste
1.400,53 m² construídos2 quartos,leste
1.800,140 m² construídos4 quartos,leste
1.200,48 m² construídos2 quartos,leste
1.800,42 m² construídos2 quartos,leste
1.900,80 m² construídos3 quartos,leste
2.200,150 m² construídos4 quartos,leste
1.853,63 m² construídos2 quartos,leste
1.500,61 m² construídos2 quartos,leste
3.500,250 m² construídos3 quartos,leste
2.300,78 m² construídos2 quartos,leste
1.439,56 m² construídos2 quartos,leste
2.000,66 m² construídos2 quartos,leste
950,30 m² construídos1 quarto,leste
1.963,66 m² construídos2 quartos,leste
2.500,75 m² construídos2 quartos,leste
2.800,135 m² construídos3 quartos,leste
1.100,60 m² construídos2 quartos,leste
1.200,60 m² construídos2 quartos,leste
1.300,60 m² construídos2 quartos,leste
1.150,60 m² construídos1 quarto,leste
1.285,55 m² construídos2 quartos,leste
700,40 m² construídos1 quarto,leste
1.800,45 m² construídos2 quartos,leste
2.700,40 m² construídos1 quarto,leste
1.150,60 m² construídos1 quarto,leste
2.414,70 m² construídos2 quartos,leste
1.500,95 m² construídos2 quartos,leste
1.650,54 m² construídos1 quarto,leste
1.165,70 m² construídos1 quarto,leste
1.100,25 m² construídos1 quarto,leste
1.098,90 m² construídos2 quartos,leste
1.200,50 m² construídos1 quarto,leste
900,47 m² construídos2 quartos,leste
1.600,70 m² construídos2 quartos,leste
1.390,53 m² construídos2 quartos,leste
1.500,45 m² construídos1 quarto,leste
950,90 m² construídos1 quarto,leste
1.722,90 m² construídos3 quartos,leste
1.285,54 m² construídos2 quartos,leste
643,50 m² construídos1 quarto,leste
980,36 m² construídos1 quarto,leste
2.013,64 m² construídos3 quartos,leste
600,35 m² construídos1 quarto,leste
750,45 m² construídos1 quarto,leste
700,38 m² construídos1 quarto,leste
1.400,48 m² construídos2 quartos,leste
650,24 m² construídos1 quarto,leste
4.300,51 m² construídos1 quarto,leste
1.889,49 m² construídos2 quartos,leste
2.100,70 m² construídos2 quartos,leste
1.750,76 m² construídos3 quartos,leste
1.300,37 m² construídos1 quarto,leste
1.800,56 m² construídos2 quartos,leste
1.840,30 m² construídos1 quarto,leste
888,42 m² construídos2 quartos,leste
800,38 m² construídos1 quarto,leste
1.200,49 m² construídos2 quartos,leste
1.100,58 m² construídos2 quartos,leste
900,56 m² construídos2 quartos,leste
1.100,55 m² construídos3 quartos,leste
1.100,50 m² construídos2 quartos,leste
1.600,63 m² construídos2 quartos,leste
1.208,32 m² construídos1 quarto,leste
1.100,57 m² construídos2 quartos,leste
1.600,50 m² construídos2 quartos,leste
2.700,60 m² construídos2 quartos,leste
1.800,76 m² construídos3 quartos,leste
1.050,33 m² construídos1 quarto,leste
1.139,54 m² construídos2 quartos,leste
2.600,71 m² construídos2 quartos,leste
1.500,45 m² construídos2 quartos,leste
2.200,39 m² construídos1 quarto,leste
3.700,121 m² construídos3 quartos,leste
3.400,141 m² construídos4 quartos,leste
2.500,49 m² construídos2 quartos,leste
4.000,92 m² construídos3 quartos,leste
3.500,190 m² construídos3 quartos,leste
2.500,64 m² construídos2 quartos,leste
1.200,40 m² construídos1 quarto,leste
2.900,77 m² construídos3 quartos,leste
2.200,45 m² construídos1 quarto,leste
2.000,45 m² construídos1 quarto,leste
1.900,100 m² construídos2 quartos,leste
4.000,92 m² construídos3 quartos,leste
1.200,40 m² construídos1 quarto,leste
1.250,28 m² construídos1 quarto,leste
1.200,38 m² construídos2 quartos,leste
2.200,86 m² construídos3 quartos,leste
1.275,50 m² construídos2 quartos,leste
2.500,63 m² construídos3 quartos,leste
1.150,56 m² construídos1 quarto,leste
535,30 m² construídos1 quarto,leste
1.200,50 m² construídos2 quartos,leste
1.000,52 m² construídos1 quarto,leste
1.800,52 m² construídos2 quartos,leste
1.183,52 m² construídos2 quartos,leste
2.200,65 m² construídos3 quartos,leste
4.000,315 m² construídos4 quartos,leste
1.584,73 m² construídos2 quartos,leste
800,40 m² construídos1 quarto,leste
1.300,39 m² construídos1 quarto,leste
1.930,100 m² construídos2 quartos,leste
1.600,69 m² construídos3 quartos,leste
2.200,92 m² construídos3 quartos,leste
1.000,41 m² construídos2 quartos,leste
1.500,60 m² construídos1 quarto,leste
1.000,62 m² construídos2 quartos,leste
859,38 m² construídos1 quarto,leste
950,40 m² construídos1 quarto,leste
2.217,53 m² construídos2 quartos,leste
2.100,81 m² construídos3 quartos,leste
1.636,61 m² construídos2 quartos,leste
1.275,37 m² construídos1 quarto,leste
2.200,50 m² construídos2 quartos,leste
1.784,38 m² construídos1 quarto,leste
1.200,70 m² construídos2 quartos,leste
1.750,29 m² construídos1 quarto,leste
1.100,30 m² construídos1 quarto,leste
1.100,43 m² construídos2 quartos,leste
1.800,26 m² construídos1 quarto,leste
942,38 m² construídos1 quarto,leste
1.540,16 m² construídos1 quarto,leste
750,45 m² construídos1 quarto,leste
1.000,65 m² construídos1 quarto,leste
2.300,115 m² construídos3 quartos,leste
1.300,38 m² construídos2 quartos,leste
1.600,55 m² construídos2 quartos,leste
1.250,43 m² construídos2 quartos,leste
5.500,196 m² construídos3 quartos,leste
1.350,60 m² construídos2 quartos,leste
2.800,130 m² construídos3 quartos,leste
3.026,70 m² construídos2 quartos,leste
2.850,65 m² construídos2 quartos,leste
1.000,55 m² construídos2 quartos,leste
2.300,132 m² construídos3 quartos,leste
1.400,46 m² construídos2 quartos,leste
2.800,48 m² construídos1 quarto,leste
3.400,175 m² construídos3 quartos,leste
2.277,80 m² construídos3 quartos,leste
2.440,31 m² construídos1 quarto,leste
2.500,121 m² construídos3 quartos,leste
500,25 m² construídos1 quarto,leste
1.339,65 m² construídos1 quarto,leste
1.500,140 m² construídos4 quartos,oeste
1.200,56 m² construídos2 quartos,oeste
1.122,55 m² construídos2 quartos,oeste
10.500,186 m² construídos5 quartos,oeste
2.453,80 m² construídos2 quartos,oeste
2.020,100 m² construídos3 quartos,oeste
1.500,50 m² construídos2 quartos,oeste
3.500,80 m² construídos3 quartos,oeste
2.000,96 m² construídos3 quartos,oeste
1.526,50 m² construídos2 quartos,oeste
1.750,94 m² construídos3 quartos,oeste
900,38 m² construídos1 quarto,oeste
1.100,50 m² construídos2 quartos,oeste
2.850,57 m² construídos2 quartos,oeste
2.900,83 m² construídos2 quartos,oeste
1.900,62 m² construídos2 quartos,oeste
2.000,110 m² construídos2 quartos,oeste
10.000,110 m² construídos2 quartos,oeste
1.800,50 m² construídos1 quarto,oeste
2.724,80 m² construídos2 quartos,oeste
2.450,70 m² construídos2 quartos,oeste
1.327,150 m² construídos3 quartos,oeste
1.743,35 m² construídos2 quartos,oeste
2.900,62 m² construídos2 quartos,oeste
7.600,633 m² construídos3 quartos,oeste
5.868,116 m² construídos1 quarto,oeste
1.500,48 m² construídos2 quartos,oeste
2.200,79 m² construídos2 quartos,oeste
5.800,46 m² construídos1 quarto,oeste
5.100,90 m² construídos3 quartos,oeste
1.900,100 m² construídos2 quartos,oeste
10.000,223 m² construídos4 quartos,oeste
2.250,30 m² construídos1 quarto,oeste
2.700,49 m² construídos2 quartos,oeste
2.200,145 m² construídos3 quartos,oeste
1.200,40 m² construídos1 quarto,oeste
2.700,70 m² construídos1 quarto,oeste
4.300,240 m² construídos3 quartos,oeste
1.500,43 m² construídos2 quartos,oeste
1.650,63 m² construídos3 quartos,oeste
1.950,49 m² construídos2 quartos,oeste
8.100,150 m² construídos3 quartos,oeste
3.800,28 m² construídos1 quarto,oeste
4.120,100 m² construídos2 quartos,oeste
1.100,55 m² construídos1 quarto,oeste
7.000,300 m² construídos4 quartos,oeste
2.700,68 m² construídos3 quartos,oeste
3.750,200 m² construídos4 quartos,oeste
2.600,140 m² construídos2 quartos,oeste
3.290,38 m² construídos1 quarto,oeste
1.000,37 m² construídos1 quarto,oeste
6.500,460 m² construídos3 quartos,oeste
3.500,124 m² construídos4 quartos,oeste
2.900,72 m² construídos2 quartos,oeste
2.600,60 m² construídos2 quartos,oeste
3.300,110 m² construídos2 quartos,oeste
1.480,64 m² construídos2 quartos,oeste
2.450,30 m² construídos1 quarto,oeste
2.750,90 m² construídos2 quartos,oeste
3.750,94 m² construídos2 quartos,oeste
1.025,60 m² construídos1 quarto,oeste
3.200,78 m² construídos3 quartos,oeste
2.500,68 m² construídos2 quartos,oeste
3.575,70 m² construídos2 quartos,oeste
1.653,44 m² construídos2 quartos,oeste
2.700,59 m² construídos2 quartos,oeste
1.600,77 m² construídos2 quartos,oeste
1.588,76 m² construídos3 quartos,oeste
3.200,78 m² construídos2 quartos,oeste
2.633,70 m² construídos2 quartos,oeste
6.050,164 m² construídos3 quartos,oeste
2.350,83 m² construídos3 quartos,oeste
2.416,57 m² construídos2 quartos,oeste
1.533,70 m² construídos2 quartos,oeste
15.000,400 m² construídos3 quartos,oeste
2.424,60 m² construídos1 quarto,oeste
2.200,33 m² construídos1 quarto,oeste
2.000,64 m² construídos2 quartos,oeste
2.100,53 m² construídos2 quartos,oeste
2.600,90 m² construídos2 quartos,oeste
2.480,75 m² construídos2 quartos,oeste
1.910,66 m² construídos2 quartos,oeste
1.600,32 m² construídos1 quarto,oeste
2.000,60 m² construídos2 quartos,oeste
2.800,58 m² construídos2 quartos,oeste
3.300,72 m² construídos3 quartos,oeste
2.552,69 m² construídos2 quartos,oeste
2.800,63 m² construídos2 quartos,oeste
3.200,70 m² construídos2 quartos,oeste
1.622,53 m² construídos2 quartos,oeste
3.400,75 m² construídos2 quartos,oeste
3.520,82 m² construídos3 quartos,oeste
3.650,45 m² construídos1 quarto,oeste
2.466,95 m² construídos3 quartos,oeste
2.300,60 m² construídos2 quartos,oeste
2.680,40 m² construídos1 quarto,oeste
2.200,78 m² construídos3 quartos,oeste
3.400,76 m² construídos3 quartos,oeste
6.250,92 m² construídos2 quartos,oeste
2.300,42 m² construídos1 quarto,oeste
3.745,117 m² construídos3 quartos,oeste
1.691,78 m² construídos2 quartos,oeste
2.000,42 m² construídos2 quartos,oeste
3.000,40 m² construídos1 quarto,oeste
8.500,250 m² construídos4 quartos,oeste
1.850,85 m² construídos2 quartos,oeste
1.600,60 m² construídos3 quartos,oeste
4.505,100 m² construídos3 quartos,oeste
3.000,34 m² construídos1 quarto,oeste
3.500,99 m² construídos2 quartos,oeste
1.900,53 m² construídos2 quartos,oeste
3.000,80 m² construídos3 quartos,oeste
1.500,44 m² construídos2 quartos,oeste
2.100,57 m² construídos1 quarto,oeste
4.242,145 m² construídos3 quartos,oeste
3.300,88 m² construídos2 quartos,oeste
1.300,60 m² construídos2 quartos,oeste
3.000,28 m² construídos1 quarto,oeste
3.200,92 m² construídos3 quartos,oeste
2.100,50 m² construídos2 quartos,oeste
3.500,119 m² construídos2 quartos,oeste
2.200,49 m² construídos2 quartos,oeste
1.400,34 m² construídos1 quarto,oeste
1.280,25 m² construídos1 quarto,oeste
3.000,75 m² construídos2 quartos,oeste
3.000,70 m² construídos3 quartos,oeste
6.800,70 m² construídos2 quartos,oeste
4.000,125 m² construídos2 quartos,oeste
4.500,320 m² construídos4 quartos,oeste
4.800,100 m² construídos3 quartos,oeste
1.700,59 m² construídos2 quartos,oeste
2.500,72 m² construídos2 quartos,oeste
4.500,132 m² construídos3 quartos,oeste
750,12 m² construídos1 quarto,oeste
750,12 m² construídos1 quarto,oeste
3.500,105 m² construídos3 quartos,oeste
1.800,52 m² construídos1 quarto,oeste
3.400,37 m² construídos1 quarto,oeste
850,12 m² construídos1 quarto,oeste
3.000,34 m² construídos1 quarto,oeste
2.400,58 m² construídos2 quartos,oeste
5.500,59 m² construídos2 quartos,oeste
6.000,136 m² construídos3 quartos,oeste
6.000,136 m² construídos3 quartos,oeste
2.400,85 m² construídos3 quartos,oeste
2.350,60 m² construídos2 quartos,oeste
2.000,70 m² construídos2 quartos,oeste
2.500,50 m² construídos2 quartos,oeste
2.200,95 m² construídos3 quartos,oeste
6.000,136 m² construídos3 quartos,oeste
8.500,100 m² construídos2 quartos,oeste
2.500,32 m² construídos1 quarto,oeste
1.899,35 m² construídos2 quartos,oeste
4.000,64 m² construídos2 quartos,oeste
2.600,79 m² construídos2 quartos,oeste
13.000,250 m² construídos3 quartos,oeste
3.400,65 m² construídos2 quartos,oeste
6.000,210 m² construídos3 quartos,oeste
5.300,116 m² construídos3 quartos,oeste
5.000,90 m² construídos3 quartos,oeste
2.200,72 m² construídos1 quarto,oeste
2.700,35 m² construídos1 quarto,oeste
2.000,49 m² construídos2 quartos,oeste
5.500,59 m² construídos2 quartos,oeste
1.500,31 m² construídos1 quarto,oeste
2.500,117 m² construídos3 quartos,oeste
3.750,225 m² construídos3 quartos,oeste
1.900,28 m² construídos1 quarto,oeste
2.700,50 m² construídos1 quarto,oeste
2.150,55 m² construídos2 quartos,oeste
6.500,96 m² construídos2 quartos,oeste
6.000,200 m² construídos4 quartos,oeste
4.890,110 m² construídos3 quartos,oeste
1.590,49 m² construídos2 quartos,oeste
2.000,50 m² construídos1 quarto,oeste
3.935,49 m² construídos1 quarto,oeste
1.500,56 m² construídos2 quartos,oeste
6.300,230 m² construídos3 quartos,oeste
1.750,46 m² construídos2 quartos,oeste
980,15 m² construídos1 quarto,oeste
850,12 m² construídos1 quarto,oeste
850,12 m² construídos1 quarto,oeste
1.100,24 m² construídos2 quartos,oeste
550,50 m² construídos1 quarto,oeste
850,12 m² construídos1 quarto,oeste
750,12 m² construídos1 quarto,oeste
2.200,69 m² construídos2 quartos,oeste
1.350,30 m² construídos1 quarto,oeste
2.000,70 m² construídos1 quarto,oeste
1.551,52 m² construídos2 quartos,oeste
4.800,130 m² construídos3 quartos,oeste
1.740,63 m² construídos3 quartos,oeste
2.100,49 m² construídos2 quartos,oeste
1.810,56 m² construídos2 quartos,oeste
2.800,100 m² construídos2 quartos,oeste
2.343,69 m² construídos2 quartos,oeste
2.866,35 m² construídos1 quarto,oeste
7.500,315 m² construídos4 quartos,oeste
4.200,35 m² construídos1 quarto,oeste
2.350,60 m² construídos2 quartos,oeste
1.300,41 m² construídos1 quarto,oeste
6.000,98 m² construídos2 quartos,oeste
3.000,105 m² construídos3 quartos,oeste
2.027,55 m² construídos2 quartos,oeste
700,30 m² construídos1 quarto,oeste
11.000,84 m² construídos2 quartos,oeste
4.032,26 m² construídos1 quarto,oeste
1.050,35 m² construídos1 quarto,oeste
2.700,48 m² construídos2 quartos,oeste
1.050,35 m² construídos1 quarto,oeste
1.700,55 m² construídos1 quarto,oeste
2.541,25 m² construídos1 quarto,oeste
1.000,40 m² construídos1 quarto,oeste
1.200,48 m² construídos2 quartos,oeste
4.032,30 m² construídos1 quarto,oeste
4.032,29 m² construídos1 quarto,oeste
4.152,35 m² construídos1 quarto,oeste
4.350,37 m² construídos1 quarto,oeste
1.799,127 m² construídos3 quartos,oeste
2.900,23 m² construídos1 quarto,oeste
3.600,82 m² construídos2 quartos,oeste
5.263,35 m² construídos1 quarto,oeste
2.600,87 m² construídos3 quartos,oeste
5.283,35 m² construídos1 quarto,oeste
5.263,35 m² construídos1 quarto,oeste
900,50 m² construídos1 quarto,oeste
2.350,70 m² construídos1 quarto,oeste
1.800,46 m² construídos2 quartos,oeste
2.164,30 m² construídos1 quarto,oeste
2.231,30 m² construídos1 quarto,oeste
2.231,30 m² construídos1 quarto,oeste
2.500,48 m² construídos1 quarto,oeste
5.283,35 m² construídos1 quarto,oeste
4.032,30 m² construídos1 quarto,oeste
5.283,35 m² construídos1 quarto,oeste
2.164,30 m² construídos1 quarto,oeste
5.283,35 m² construídos1 quarto,oeste
5.283,35 m² construídos1 quarto,oeste
4.032,29 m² construídos1 quarto,oeste
5.028,33 m² construídos1 quarto,oeste
4.032,29 m² construídos1 quarto,oeste
2.231,30 m² construídos1 quarto,oeste
1.100,30 m² construídos1 quarto,oeste
1.160,40 m² construídos2 quartos,oeste
1.500,65 m² construídos2 quartos,oeste
1.300,77 m² construídos3 quartos,oeste
2.700,64 m² construídos3 quartos,oeste
4.000,75 m² construídos1 quarto,oeste
1.950,100 m² construídos2 quartos,oeste
1.000,50 m² construídos1 quarto,oeste
1.700,65 m² construídos2 quartos,oeste
2.150,300 m² construídos3 quartos,oeste
1.450,45 m² construídos1 quarto,oeste
1.900,59 m² construídos2 quartos,oeste
3.500,146 m² construídos3 quartos,oeste
1.250,61 m² construídos2 quartos,oeste
1.930,55 m² construídos2 quartos,oeste
2.100,76 m² construídos3 quartos,oeste
2.400,86 m² construídos2 quartos,oeste
2.200,67 m² construídos2 quartos,oeste
1.900,85 m² construídos2 quartos,oeste
1.890,36 m² construídos2 quartos,oeste
1.970,59 m² construídos2 quartos,oeste
2.750,52 m² construídos2 quartos,oeste
5.100,103 m² construídos3 quartos,oeste
1.800,72 m² construídos2 quartos,oeste
2.600,47 m² construídos1 quarto,oeste
2.100,80 m² construídos2 quartos,oeste
2.100,64 m² construídos1 quarto,oeste
1.418,72 m² construídos1 quarto,oeste
2.000,48 m² construídos1 quarto,oeste
2.300,75 m² construídos2 quartos,oeste
2.141,85 m² construídos3 quartos,oeste
1.990,80 m² construídos1 quarto,oeste
1.750,33 m² construídos1 quarto,oeste
1.830,35 m² construídos2 quartos,oeste
2.000,62 m² construídos3 quartos,oeste
9.000,72 m² construídos1 quarto,oeste
3.350,80 m² construídos2 quartos,oeste
2.500,140 m² construídos2 quartos,oeste
1.400,50 m² construídos2 quartos,oeste
2.250,83 m² construídos2 quartos,oeste
4.690,60 m² construídos2 quartos,oeste
3.000,47 m² construídos1 quarto,oeste
1.700,199 m² construídos4 quartos,oeste
1.800,85 m² construídos1 quarto,oeste
3.400,97 m² construídos3 quartos,oeste
4.200,115 m² construídos3 quartos,oeste
